{
  "per_recording": {
    "SP01": {
      "speaker": "Dominika Švarc Pipan",
      "n_tokens": 685,
      "n_types": 304,
      "ttr": 0.44379562043795623,
      "guiraud": 11.615242942493225,
      "hedge_count": 8,
      "hedge_rate": 1.167883211678832,
      "power_count": 5,
      "power_rate": 0.7299270072992701,
      "assertiveness": 0.38461538461538464,
      "discourse_rate": 3.3576642335766427,
      "formality": 0.0,
      "wpm": 99.82997328151566,
      "mean_word_len": 5.255474452554744,
      "mean_seg_words": 5.569105691056911,
      "hapax_ratio": 0.6907894736842105
    },
    "SP02": {
      "speaker": "Dominika Švarc Pipan",
      "n_tokens": 501,
      "n_types": 262,
      "ttr": 0.5229540918163673,
      "guiraud": 11.705296752149781,
      "hedge_count": 11,
      "hedge_rate": 2.19560878243513,
      "power_count": 8,
      "power_rate": 1.5968063872255487,
      "assertiveness": 0.42105263157894735,
      "discourse_rate": 4.191616766467066,
      "formality": 0.0,
      "wpm": 107.35714285714286,
      "mean_word_len": 4.135728542914172,
      "mean_seg_words": 7.260869565217392,
      "hapax_ratio": 0.7137404580152672
    },
    "SP03": {
      "speaker": "Dominika Švarc Pipan",
      "n_tokens": 434,
      "n_types": 185,
      "ttr": 0.42626728110599077,
      "guiraud": 8.880284173640407,
      "hedge_count": 8,
      "hedge_rate": 1.8433179723502304,
      "power_count": 2,
      "power_rate": 0.4608294930875576,
      "assertiveness": 0.2,
      "discourse_rate": 7.142857142857142,
      "formality": 0.0,
      "wpm": 70.2834008097166,
      "mean_word_len": 4.751152073732719,
      "mean_seg_words": 3.7094017094017095,
      "hapax_ratio": 0.6162162162162163
    },
    "NZK01": {
      "speaker": "Nina Zidar Klemenčič",
      "n_tokens": 425,
      "n_types": 182,
      "ttr": 0.42823529411764705,
      "guiraud": 8.82829675132252,
      "hedge_count": 17,
      "hedge_rate": 4.0,
      "power_count": 0,
      "power_rate": 0.0,
      "assertiveness": 0.0,
      "discourse_rate": 6.8235294117647065,
      "formality": 0.0,
      "wpm": 103.61641609101991,
      "mean_word_len": 4.461176470588235,
      "mean_seg_words": 6.159420289855072,
      "hapax_ratio": 0.6703296703296703
    },
    "NZK02": {
      "speaker": "Nina Zidar Klemenčič",
      "n_tokens": 522,
      "n_types": 214,
      "ttr": 0.4099616858237548,
      "guiraud": 9.366525543993541,
      "hedge_count": 11,
      "hedge_rate": 2.10727969348659,
      "power_count": 2,
      "power_rate": 0.38314176245210724,
      "assertiveness": 0.15384615384615385,
      "discourse_rate": 4.406130268199234,
      "formality": 0.6666666666666666,
      "wpm": 113.35504885993485,
      "mean_word_len": 4.409961685823755,
      "mean_seg_words": 4.9714285714285715,
      "hapax_ratio": 0.6261682242990654
    },
    "VV01": {
      "speaker": "Vesna Vuković",
      "n_tokens": 441,
      "n_types": 202,
      "ttr": 0.4580498866213152,
      "guiraud": 9.619047619047619,
      "hedge_count": 8,
      "hedge_rate": 1.8140589569160999,
      "power_count": 8,
      "power_rate": 1.8140589569160999,
      "assertiveness": 0.5,
      "discourse_rate": 12.925170068027212,
      "formality": -0.8333333333333334,
      "wpm": 117.18334809565987,
      "mean_word_len": 3.943310657596372,
      "mean_seg_words": 9.8,
      "hapax_ratio": 0.6683168316831684
    },
    "VV02": {
      "speaker": "Vesna Vuković",
      "n_tokens": 120,
      "n_types": 58,
      "ttr": 0.48333333333333334,
      "guiraud": 5.294651389216606,
      "hedge_count": 2,
      "hedge_rate": 1.6666666666666667,
      "power_count": 2,
      "power_rate": 1.6666666666666667,
      "assertiveness": 0.5,
      "discourse_rate": 11.666666666666666,
      "formality": 0.0,
      "wpm": 72.58064516129032,
      "mean_word_len": 5.058333333333334,
      "mean_seg_words": 10.909090909090908,
      "hapax_ratio": 0.5
    },
    "RH01": {
      "speaker": "Rok Hodej",
      "n_tokens": 454,
      "n_types": 179,
      "ttr": 0.394273127753304,
      "guiraud": 8.400886254904384,
      "hedge_count": 0,
      "hedge_rate": 0.0,
      "power_count": 0,
      "power_rate": 0.0,
      "assertiveness": 0.5,
      "discourse_rate": 0.22026431718061676,
      "formality": 0.0,
      "wpm": 145.51282051282053,
      "mean_word_len": 4.202643171806168,
      "mean_seg_words": 8.107142857142858,
      "hapax_ratio": 0.5642458100558659
    },
    "RH02": {
      "speaker": "Rok Hodej",
      "n_tokens": 721,
      "n_types": 305,
      "ttr": 0.42302357836338417,
      "guiraud": 11.358793571538845,
      "hedge_count": 43,
      "hedge_rate": 5.9639389736477115,
      "power_count": 23,
      "power_rate": 3.19001386962552,
      "assertiveness": 0.3484848484848485,
      "discourse_rate": 5.6865464632454925,
      "formality": 0.0,
      "wpm": 88.339799877476,
      "mean_word_len": 4.834951456310679,
      "mean_seg_words": 2.895582329317269,
      "hapax_ratio": 0.6885245901639344
    },
    "DP01": {
      "speaker": "Dejan Paravan",
      "n_tokens": 433,
      "n_types": 217,
      "ttr": 0.5011547344110855,
      "guiraud": 10.428354489909015,
      "hedge_count": 3,
      "hedge_rate": 0.6928406466512702,
      "power_count": 4,
      "power_rate": 0.9237875288683602,
      "assertiveness": 0.5714285714285714,
      "discourse_rate": 5.542725173210162,
      "formality": 0.0,
      "wpm": 87.47474747474747,
      "mean_word_len": 5.041570438799076,
      "mean_seg_words": 3.2803030303030303,
      "hapax_ratio": 0.7050691244239631
    },
    "TV01": {
      "speaker": "Tomislav Vukmanović",
      "n_tokens": 810,
      "n_types": 265,
      "ttr": 0.3271604938271605,
      "guiraud": 9.311150888273561,
      "hedge_count": 9,
      "hedge_rate": 1.1111111111111112,
      "power_count": 1,
      "power_rate": 0.12345679012345678,
      "assertiveness": 0.1,
      "discourse_rate": 8.271604938271606,
      "formality": 0.0,
      "wpm": 135.94405594405595,
      "mean_word_len": 4.465432098765432,
      "mean_seg_words": 4.939024390243903,
      "hapax_ratio": 0.5660377358490566
    }
  },
  "per_speaker": {
    "Dominika Švarc Pipan": {
      "recordings": [
        "SP01",
        "SP02",
        "SP03"
      ],
      "total_words": 1620,
      "total_duration_s": 1062.2,
      "ttr": 0.3925925925925926,
      "guiraud": 15.801547040998512,
      "wpm": 91.50819054791941,
      "mean_word_len": 4.774074074074074,
      "hedge_rate": 1.7356033221547307,
      "power_rate": 0.9291876292041256,
      "assertiveness": 0.3352226720647773,
      "discourse_rate": 4.89737938096695,
      "formality": 0.0,
      "hapax_ratio": 0.6735820493052312
    },
    "Rok Hodej": {
      "recordings": [
        "RH01",
        "RH02"
      ],
      "total_words": 1175,
      "total_duration_s": 676.9,
      "ttr": 0.40595744680851065,
      "guiraud": 13.91552018889914,
      "wpm": 104.15127788447333,
      "mean_word_len": 4.59063829787234,
      "hedge_rate": 2.9819694868238558,
      "power_rate": 1.59500693481276,
      "assertiveness": 0.42424242424242425,
      "discourse_rate": 2.953405390213055,
      "formality": 0.0,
      "hapax_ratio": 0.6263852001099002
    },
    "Tomislav Vukmanović": {
      "recordings": [
        "TV01"
      ],
      "total_words": 810,
      "total_duration_s": 357.5,
      "ttr": 0.3271604938271605,
      "guiraud": 9.311150888273561,
      "wpm": 135.94405594405595,
      "mean_word_len": 4.465432098765432,
      "hedge_rate": 1.1111111111111112,
      "power_rate": 0.12345679012345678,
      "assertiveness": 0.1,
      "discourse_rate": 8.271604938271606,
      "formality": 0.0,
      "hapax_ratio": 0.5660377358490566
    },
    "Vesna Vuković": {
      "recordings": [
        "VV01",
        "VV02"
      ],
      "total_words": 561,
      "total_duration_s": 325.0,
      "ttr": 0.42780748663101603,
      "guiraud": 10.132807942097978,
      "wpm": 103.56923076923077,